[
  {
    "name": "Application Start",
    "start": 1570692322168,
    "end": 1570692323179,
    "duration": 1011,
    "pid": 36364,
    "index": 0
  },
  {
    "name": "Load Plugin",
    "start": 1570692322175,
    "end": 1570692322205,
    "duration": 30,
    "pid": 36364,
    "index": 1
  },
  {
    "name": "Load Config",
    "start": 1570692322206,
    "end": 1570692322245,
    "duration": 39,
    "pid": 36364,
    "index": 2
  },
  {
    "name": "Require(0) config/config.default.js",
    "start": 1570692322207,
    "end": 1570692322208,
    "duration": 1,
    "pid": 36364,
    "index": 3
  },
  {
    "name": "Require(1) node_modules/egg-session/config/config.default.js",
    "start": 1570692322210,
    "end": 1570692322210,
    "duration": 0,
    "pid": 36364,
    "index": 4
  },
  {
    "name": "Require(2) node_modules/egg-security/config/config.default.js",
    "start": 1570692322211,
    "end": 1570692322212,
    "duration": 1,
    "pid": 36364,
    "index": 5
  },
  {
    "name": "Require(3) node_modules/egg-jsonp/config/config.default.js",
    "start": 1570692322213,
    "end": 1570692322214,
    "duration": 1,
    "pid": 36364,
    "index": 6
  },
  {
    "name": "Require(4) node_modules/egg-onerror/config/config.default.js",
    "start": 1570692322215,
    "end": 1570692322215,
    "duration": 0,
    "pid": 36364,
    "index": 7
  },
  {
    "name": "Require(5) node_modules/egg-i18n/config/config.default.js",
    "start": 1570692322216,
    "end": 1570692322216,
    "duration": 0,
    "pid": 36364,
    "index": 8
  },
  {
    "name": "Require(6) node_modules/egg-watcher/config/config.default.js",
    "start": 1570692322217,
    "end": 1570692322218,
    "duration": 1,
    "pid": 36364,
    "index": 9
  },
  {
    "name": "Require(7) node_modules/egg-schedule/config/config.default.js",
    "start": 1570692322219,
    "end": 1570692322219,
    "duration": 0,
    "pid": 36364,
    "index": 10
  },
  {
    "name": "Require(8) node_modules/egg-multipart/config/config.default.js",
    "start": 1570692322220,
    "end": 1570692322221,
    "duration": 1,
    "pid": 36364,
    "index": 11
  },
  {
    "name": "Require(9) node_modules/egg-development/config/config.default.js",
    "start": 1570692322222,
    "end": 1570692322222,
    "duration": 0,
    "pid": 36364,
    "index": 12
  },
  {
    "name": "Require(10) node_modules/egg-logrotator/config/config.default.js",
    "start": 1570692322223,
    "end": 1570692322223,
    "duration": 0,
    "pid": 36364,
    "index": 13
  },
  {
    "name": "Require(11) node_modules/egg-static/config/config.default.js",
    "start": 1570692322224,
    "end": 1570692322225,
    "duration": 1,
    "pid": 36364,
    "index": 14
  },
  {
    "name": "Require(12) node_modules/egg-view/config/config.default.js",
    "start": 1570692322226,
    "end": 1570692322226,
    "duration": 0,
    "pid": 36364,
    "index": 15
  },
  {
    "name": "Require(13) node_modules/egg-mysql/config/config.default.js",
    "start": 1570692322227,
    "end": 1570692322228,
    "duration": 1,
    "pid": 36364,
    "index": 16
  },
  {
    "name": "Require(14) node_modules/egg-validate/config/config.default.js",
    "start": 1570692322228,
    "end": 1570692322229,
    "duration": 1,
    "pid": 36364,
    "index": 17
  },
  {
    "name": "Require(15) node_modules/egg-alinode/config/config.default.js",
    "start": 1570692322230,
    "end": 1570692322231,
    "duration": 1,
    "pid": 36364,
    "index": 18
  },
  {
    "name": "Require(16) node_modules/egg/config/config.default.js",
    "start": 1570692322235,
    "end": 1570692322236,
    "duration": 1,
    "pid": 36364,
    "index": 19
  },
  {
    "name": "Require(17) config/config.default.js",
    "start": 1570692322238,
    "end": 1570692322238,
    "duration": 0,
    "pid": 36364,
    "index": 20
  },
  {
    "name": "Require(18) node_modules/egg-security/config/config.local.js",
    "start": 1570692322239,
    "end": 1570692322240,
    "duration": 1,
    "pid": 36364,
    "index": 21
  },
  {
    "name": "Require(19) node_modules/egg-watcher/config/config.local.js",
    "start": 1570692322240,
    "end": 1570692322241,
    "duration": 1,
    "pid": 36364,
    "index": 22
  },
  {
    "name": "Require(20) node_modules/egg-view/config/config.local.js",
    "start": 1570692322242,
    "end": 1570692322243,
    "duration": 1,
    "pid": 36364,
    "index": 23
  },
  {
    "name": "Require(21) node_modules/egg/config/config.local.js",
    "start": 1570692322244,
    "end": 1570692322244,
    "duration": 0,
    "pid": 36364,
    "index": 24
  },
  {
    "name": "Load extend/application.js",
    "start": 1570692322247,
    "end": 1570692322273,
    "duration": 26,
    "pid": 36364,
    "index": 25
  },
  {
    "name": "Require(22) node_modules/egg-session/app/extend/application.js",
    "start": 1570692322248,
    "end": 1570692322249,
    "duration": 1,
    "pid": 36364,
    "index": 26
  },
  {
    "name": "Require(23) node_modules/egg-security/app/extend/application.js",
    "start": 1570692322250,
    "end": 1570692322252,
    "duration": 2,
    "pid": 36364,
    "index": 27
  },
  {
    "name": "Require(24) node_modules/egg-jsonp/app/extend/application.js",
    "start": 1570692322253,
    "end": 1570692322255,
    "duration": 2,
    "pid": 36364,
    "index": 28
  },
  {
    "name": "Require(25) node_modules/egg-logrotator/app/extend/application.js",
    "start": 1570692322257,
    "end": 1570692322266,
    "duration": 9,
    "pid": 36364,
    "index": 29
  },
  {
    "name": "Require(26) node_modules/egg-view/app/extend/application.js",
    "start": 1570692322267,
    "end": 1570692322269,
    "duration": 2,
    "pid": 36364,
    "index": 30
  },
  {
    "name": "Load extend/request.js",
    "start": 1570692322273,
    "end": 1570692322281,
    "duration": 8,
    "pid": 36364,
    "index": 31
  },
  {
    "name": "Require(27) node_modules/egg/app/extend/request.js",
    "start": 1570692322276,
    "end": 1570692322278,
    "duration": 2,
    "pid": 36364,
    "index": 32
  },
  {
    "name": "Load extend/response.js",
    "start": 1570692322281,
    "end": 1570692322289,
    "duration": 8,
    "pid": 36364,
    "index": 33
  },
  {
    "name": "Require(28) node_modules/egg/app/extend/response.js",
    "start": 1570692322284,
    "end": 1570692322286,
    "duration": 2,
    "pid": 36364,
    "index": 34
  },
  {
    "name": "Load extend/context.js",
    "start": 1570692322289,
    "end": 1570692322369,
    "duration": 80,
    "pid": 36364,
    "index": 35
  },
  {
    "name": "Require(29) node_modules/egg-security/app/extend/context.js",
    "start": 1570692322289,
    "end": 1570692322313,
    "duration": 24,
    "pid": 36364,
    "index": 36
  },
  {
    "name": "Require(30) node_modules/egg-jsonp/app/extend/context.js",
    "start": 1570692322313,
    "end": 1570692322314,
    "duration": 1,
    "pid": 36364,
    "index": 37
  },
  {
    "name": "Require(31) node_modules/egg-i18n/app/extend/context.js",
    "start": 1570692322315,
    "end": 1570692322315,
    "duration": 0,
    "pid": 36364,
    "index": 38
  },
  {
    "name": "Require(32) node_modules/egg-multipart/app/extend/context.js",
    "start": 1570692322316,
    "end": 1570692322361,
    "duration": 45,
    "pid": 36364,
    "index": 39
  },
  {
    "name": "Require(33) node_modules/egg-view/app/extend/context.js",
    "start": 1570692322362,
    "end": 1570692322364,
    "duration": 2,
    "pid": 36364,
    "index": 40
  },
  {
    "name": "Require(34) node_modules/egg-validate/app/extend/context.js",
    "start": 1570692322364,
    "end": 1570692322365,
    "duration": 1,
    "pid": 36364,
    "index": 41
  },
  {
    "name": "Require(35) node_modules/egg/app/extend/context.js",
    "start": 1570692322365,
    "end": 1570692322367,
    "duration": 2,
    "pid": 36364,
    "index": 42
  },
  {
    "name": "Load extend/helper.js",
    "start": 1570692322370,
    "end": 1570692322404,
    "duration": 34,
    "pid": 36364,
    "index": 43
  },
  {
    "name": "Require(36) node_modules/egg-security/app/extend/helper.js",
    "start": 1570692322370,
    "end": 1570692322399,
    "duration": 29,
    "pid": 36364,
    "index": 44
  },
  {
    "name": "Require(37) node_modules/egg/app/extend/helper.js",
    "start": 1570692322400,
    "end": 1570692322401,
    "duration": 1,
    "pid": 36364,
    "index": 45
  },
  {
    "name": "Require(38) app/extend/helper.js",
    "start": 1570692322401,
    "end": 1570692322402,
    "duration": 1,
    "pid": 36364,
    "index": 46
  },
  {
    "name": "Load app.js",
    "start": 1570692322404,
    "end": 1570692322475,
    "duration": 71,
    "pid": 36364,
    "index": 47
  },
  {
    "name": "Require(39) node_modules/egg-session/app.js",
    "start": 1570692322404,
    "end": 1570692322405,
    "duration": 1,
    "pid": 36364,
    "index": 48
  },
  {
    "name": "Require(40) node_modules/egg-security/app.js",
    "start": 1570692322405,
    "end": 1570692322407,
    "duration": 2,
    "pid": 36364,
    "index": 49
  },
  {
    "name": "Require(41) node_modules/egg-onerror/app.js",
    "start": 1570692322408,
    "end": 1570692322422,
    "duration": 14,
    "pid": 36364,
    "index": 50
  },
  {
    "name": "Require(42) node_modules/egg-i18n/app.js",
    "start": 1570692322423,
    "end": 1570692322438,
    "duration": 15,
    "pid": 36364,
    "index": 51
  },
  {
    "name": "Require(43) node_modules/egg-watcher/app.js",
    "start": 1570692322438,
    "end": 1570692322442,
    "duration": 4,
    "pid": 36364,
    "index": 52
  },
  {
    "name": "Require(44) node_modules/egg-schedule/app.js",
    "start": 1570692322443,
    "end": 1570692322444,
    "duration": 1,
    "pid": 36364,
    "index": 53
  },
  {
    "name": "Require(45) node_modules/egg-multipart/app.js",
    "start": 1570692322445,
    "end": 1570692322448,
    "duration": 3,
    "pid": 36364,
    "index": 54
  },
  {
    "name": "Require(46) node_modules/egg-development/app.js",
    "start": 1570692322449,
    "end": 1570692322449,
    "duration": 0,
    "pid": 36364,
    "index": 55
  },
  {
    "name": "Require(47) node_modules/egg-logrotator/app.js",
    "start": 1570692322450,
    "end": 1570692322450,
    "duration": 0,
    "pid": 36364,
    "index": 56
  },
  {
    "name": "Require(48) node_modules/egg-static/app.js",
    "start": 1570692322451,
    "end": 1570692322451,
    "duration": 0,
    "pid": 36364,
    "index": 57
  },
  {
    "name": "Require(49) node_modules/egg-mysql/app.js",
    "start": 1570692322452,
    "end": 1570692322469,
    "duration": 17,
    "pid": 36364,
    "index": 58
  },
  {
    "name": "Require(50) node_modules/egg-validate/app.js",
    "start": 1570692322470,
    "end": 1570692322473,
    "duration": 3,
    "pid": 36364,
    "index": 59
  },
  {
    "name": "Require(51) app.js",
    "start": 1570692322474,
    "end": 1570692322474,
    "duration": 0,
    "pid": 36364,
    "index": 60
  },
  {
    "name": "Before Start in node_modules/egg-watcher/lib/init.js:15:14",
    "start": 1570692322491,
    "end": 1570692323151,
    "duration": 660,
    "pid": 36364,
    "index": 61
  },
  {
    "name": "Before Start in node_modules/egg-mysql/lib/mysql.js:20:7",
    "start": 1570692322631,
    "end": 1570692323178,
    "duration": 547,
    "pid": 36364,
    "index": 62
  },
  {
    "name": "Load Service",
    "start": 1570692322632,
    "end": 1570692322917,
    "duration": 285,
    "pid": 36364,
    "index": 63
  },
  {
    "name": "Load \"service\" to Context",
    "start": 1570692322632,
    "end": 1570692322917,
    "duration": 285,
    "pid": 36364,
    "index": 64
  },
  {
    "name": "Load Middleware",
    "start": 1570692322917,
    "end": 1570692323085,
    "duration": 168,
    "pid": 36364,
    "index": 65
  },
  {
    "name": "Load \"middlewares\" to Application",
    "start": 1570692322918,
    "end": 1570692323075,
    "duration": 157,
    "pid": 36364,
    "index": 66
  },
  {
    "name": "Load Controller",
    "start": 1570692323085,
    "end": 1570692323107,
    "duration": 22,
    "pid": 36364,
    "index": 67
  },
  {
    "name": "Load \"controller\" to Application",
    "start": 1570692323085,
    "end": 1570692323107,
    "duration": 22,
    "pid": 36364,
    "index": 68
  },
  {
    "name": "Load Router",
    "start": 1570692323107,
    "end": 1570692323116,
    "duration": 9,
    "pid": 36364,
    "index": 69
  },
  {
    "name": "Require(52) app/router.js",
    "start": 1570692323107,
    "end": 1570692323108,
    "duration": 1,
    "pid": 36364,
    "index": 70
  },
  {
    "name": "Before Start in node_modules/egg-core/lib/egg.js:303:10",
    "start": 1570692323108,
    "end": 1570692323135,
    "duration": 27,
    "pid": 36364,
    "index": 71
  }
]