[{"title":"微信分享后地址发生改变，根据地址获取get传递参数","questions_id":"40lhum-rtymrz-r8x2h-6c9od","json_path":"40lhum-rtymrz-r8x2h-6c9od.json","subject_text":"javaScript下","subject_id":"wl5yk-38c0g","exam_id":"8sc5d7-7p5f9e-cb2zii-ahe5i","exam_name":"周考1","user_name":"liuyu","user_id":"kqpvys-hpzkdt","questions_type_text":"代码补全","questions_type_id":"fwf0t-wla1q","questions_stem":"```\nvar url = 'http://test6m.wukonglicai.com/act/bfe/wk-op/jf-forest/index.html?from=singlemessage&isappinstalled=0#/transfer?shareId=9fwkZUWBURLF65AL544MFOXDFSBBGI'\n\nvar get = function (url, key) {\n\n}\nconsole.log(get(url, 'shareId')) //  9fwkZUWBURLF65AL544MFOXDFSBBGI\n\n```\n\n\n\n\n\n\n","student_answer":"jfiewj"},{"title":"不借助临时变量，进行两个整数的交换","questions_id":"d5osduj-krhc1-akr9l2-9tz2nz","json_path":"d5osduj-krhc1-akr9l2-9tz2nz.json","subject_text":"javaScript下","subject_id":"wl5yk-38c0g","exam_id":"8sc5d7-7p5f9e-cb2zii-ahe5i","exam_name":"周考1","user_name":"liuyu","user_id":"kqpvys-hpzkdt","questions_type_text":"代码补全","questions_type_id":"fwf0t-wla1q","questions_stem":"输入 a = 2, b = 4 输出 a = 4, b =2\n```\nfunction swap(a , b) {  \n  \n  return [a, b];\n}\n \nvar a=2, b=4;\nswap(a, b); // [4, 2]\n\n```\n\n\n\n\n\n\n\n\n\n\n\n","student_answer":"jfiewjafio\t"},{"title":"进行两个整数的交换输入 a = 2, b = 4 输出 a = 4, b =2","questions_id":"in5k9-nqedo7-cjpek-30cmi","json_path":"in5k9-nqedo7-cjpek-30cmi.json","subject_text":"javaScript下","subject_id":"wl5yk-38c0g","exam_id":"8sc5d7-7p5f9e-cb2zii-ahe5i","exam_name":"周考1","user_name":"liuyu","user_id":"kqpvys-hpzkdt","questions_type_text":"代码补全","questions_type_id":"fwf0t-wla1q","questions_stem":"```\nfunction swap(a , b) {  \n  return [a,b];\n}\nvar a = 2, b = 4;\nswap(a, b); // 4, 2\n```","student_answer":"fjewiojfap"}]