[{"title":"react生命周期","questions_id":"xt05yo-prna5g-f7zqo-ltl5rh","json_path":"xt05yo-prna5g-f7zqo-ltl5rh.json","subject_text":"渐进式开发(react)","subject_id":"fyu3ln-azjkie","exam_id":"8sc5d7-7p5f9e-cb2zii-ahe5i","exam_name":"周考1","user_name":"dingshaoshan","user_id":"ypay2t-7uxsd","questions_type_text":"简答题","questions_type_id":"774318-730z8m","questions_stem":"# react常用生命周期图\n\n![alt](https://raw.githubusercontent.com/JackCrysler/react-start/master/1.png)\n\n如图是react常用生命周期图，请阅读图，并在1，2，3，4处填写对应的生命周期","student_answer":"请输入你的答案"},{"title":"性能优化","questions_id":"00a1t8-ezqkxg-xv9pkk-6hqfyb","json_path":"00a1t8-ezqkxg-xv9pkk-6hqfyb.json","subject_text":"渐进式开发(react)","subject_id":"fyu3ln-azjkie","exam_id":"jpg8y9-zbzt7o-jpvuhf-fwnjvr","exam_name":"周考2","user_name":"chenmanjie","user_id":"w6l6n-cbvl6s","questions_type_text":"手写代码","questions_type_id":"v8i73-r8oai","questions_stem":"请用js实现一个监听浏览器窗口变化的函数，当浏览器窗口的宽度大于等于 600px 的时候console.log('hello')（持续大于等于600px的话打印一次即可），请用你觉得最优的实现","student_answer":"请输入你的答案"},{"title":"多种组件创建方式及其区别？","questions_id":"cbssqf-16avt7-qwk8k-ufilrc","json_path":"cbssqf-16avt7-qwk8k-ufilrc.json","subject_text":"渐进式开发(react)","subject_id":"fyu3ln-azjkie","exam_id":"jpg8y9-zbzt7o-jpvuhf-fwnjvr","exam_name":"周考2","user_name":"chenmanjie","user_id":"w6l6n-cbvl6s","questions_type_text":"简答题","questions_type_id":"774318-730z8m","questions_stem":"## 多种组件创建方式及其区别？","student_answer":"请输入你的答案"},{"title":"封装图片加载Promise","questions_id":"gt8z4u-ufd66j-najaef-y8ytir","json_path":"gt8z4u-ufd66j-najaef-y8ytir.json","subject_text":"渐进式开发(react)","subject_id":"fyu3ln-azjkie","exam_id":"jpg8y9-zbzt7o-jpvuhf-fwnjvr","exam_name":"周考2","user_name":"chenmanjie","user_id":"w6l6n-cbvl6s","questions_type_text":"代码补全","questions_type_id":"fwf0t-wla1q","questions_stem":"## 封装加载图片的promise  \n```js\nlet loadImg = (src)=>{\n    return new Promise((resolve, reject)=>{\n        // write your code here\n    })\n}\n```\n","student_answer":"请输入你的答案"}]